"tour_username","emailt","first_namet","last_namet","nationalityt","brithdayt","passwordt","profile_photot"
"abdelrhmantawfik","abdelrahman.tawfik44@gmail.com","Abdelrahman","Tawfik","German","2001-04-02","$2b$10$ehFmGYpcy5aE6/StA6Jn6eDo3gSs6CE1PdNQzSRRbKscswnd569Aa","uploads/photo_2024-02-11_02-53-05.jpg"
"habibabastawe14","habibabastawe67@gmail.com","Habiba ","Bastawe ","Italian","2001-07-01","$2b$10$l8gnfMv5jPxP0Yv34z2SMu5e6Ye1/r9f3iJSkKm6OrylYtEpEnLZ.","uploads/image-1707591682676-974362944.jpg"
"dan74","danynabil74@gmail.com","Daniel ","Nabil ","Indian ","2001-06-01","$2b$10$7ZmoKsFlKd3S4BpzQXutVOc5jm1RGzdXEv.REs8hTS556H4WLS9ei","uploads\image-1707616402136-22422728.jpg"
"tokaabdelgawad","tokaabdelgawad60@gmail.com","Toka","Abdelgawad ","Italian","2001-05-21","$2b$10$FiTjh82dEv5mRtg3sly8UO13QSSpUnAk4OI6w25bks4sFP5NJuroK","uploads\image-1707616161496-930155168.jpg"
"husseinmostafa","husseinmostafa@gmail.com","Hussein ","Mostafa ","Greek","2000-02-11","$2b$10$p5L.tqN9CbtY/vQqj.y9teXlPoCXnXCCRFec6Z/jcaUGoTZeCJZk6","uploads\image-1707616607496-487848472.jpeg"
"norhanahmed","norhan3182001@gmail.com","Norhan","Ahmed","Turkish","2000-08-31","$2b$10$k9hkaURNiPi1B9164ViCR.gI0HkiDoiuWhneE3jt.jxkf5Lks9LOu","uploads/photo_2024-02-11_02-53-13.jpg"
"baselahmed","baselahmed@gmail.com","Basel","Ahmed ","Greek","2001-07-03","$2b$10$Lf3pYG48jNmRdKN5RQtEa.p47YsnRiPdm2EyvzNF6Dac1hrtt8hUG","uploads/898a287c.jpg"
